{
	"loss": [
		0.036292608827352524, 0.017106976360082626, 0.012128853239119053,
		0.008682506158947945, 0.005357018671929836, 0.00429564481601119,
		0.0038110401947051287, 0.0035033286549150944, 0.003139091655611992,
		0.002873215824365616, 0.002604373497888446, 0.0023069384042173624,
		0.0020128616597503424, 0.002113396767526865, 0.0021085403859615326,
		0.002254662336781621, 0.0019407924264669418, 0.0017030282178893685,
		0.0017061727121472359, 0.0017523299902677536, 0.00150717468932271,
		0.0014359460910782218, 0.001508099609054625, 0.0014045040588825941,
		0.0013099170755594969
	],
	"mse": [
		0.032758086919784546, 0.015466965734958649, 0.011215184815227985,
		0.008106241934001446, 0.004914156161248684, 0.003945508506149054,
		0.003533850656822324, 0.0033088109921664, 0.0029889256693422794,
		0.0027488197665661573, 0.002498182700946927, 0.0022084880620241165,
		0.0019135059555992484, 0.002007855800911784, 0.0020058942027390003,
		0.002154643414542079, 0.001845494844019413, 0.0016062002396211028,
		0.0016092655714601278, 0.0016560284420847893, 0.0014109103940427303,
		0.0013399205636233091, 0.0014116844395175576, 0.0013101045042276382,
		0.0012178941396996379
	],
	"mae": [
		0.14428669214248657, 0.09339217096567154, 0.07442502677440643,
		0.058109551668167114, 0.04536202549934387, 0.03988168016076088,
		0.036944709718227386, 0.034576207399368286, 0.030737778171896935,
		0.02883213385939598, 0.027790287509560585, 0.02659483626484871,
		0.02492252178490162, 0.029539505019783974, 0.03006269410252571,
		0.03273581713438034, 0.027864092960953712, 0.024597182869911194,
		0.02541581727564335, 0.026555750519037247, 0.022570455446839333,
		0.021594304591417313, 0.023779336363077164, 0.022406073287129402,
		0.020696401596069336
	]
}
