{
	"validation_error": [
		0.0009974243585020304, 0.000913808005861938, 0.017244137823581696
	],
	"anomaly_error": [
		0.0014993378426879644, 0.001405204995535314, 0.025623364374041557
	],
	"normal": [
		11309.429619107836, 0.00234799927184911, 0.0013489360139975625,
		0.00013246893670190146
	],
	"anomaly": [
		11201.668967131272, 43.21953341737958, 0.001957011461678532,
		0.00027609924011854037
	]
}
