{
	"validation_error": [
		0.00682749692350626, 0.006471875589340925, 0.053520310670137405
	],
	"anomaly_error": [
		0.006912831217050552, 0.006554330699145794, 0.05433149263262749
	],
	"normal": [
		11309.081386284392, 3.637978807091713e-12, 0.008760061190133133,
		0.0013489450431752048
	],
	"anomaly": [
		11126.410563369815, 37.93836513195567, 0.008955263878188787,
		0.0018706867213170533
	]
}
