{"loss": [0.07216678559780121, 0.023789186030626297, 0.008893049322068691, 0.0071724471636116505, 0.005262305960059166, 0.003692010883241892, 0.0027526107151061296, 0.0022114648018032312, 0.0018406533636152744, 0.001560341683216393, 0.0014268860686570406, 0.0012167462846264243, 0.0011347735999152064, 0.0010425342479720712, 0.0010486723622307181, 0.0012193657457828522, 0.0011478486703708768, 0.001036770991049707, 0.001014244626276195, 0.0009506186470389366], "mse": [0.0678081065416336, 0.021177101880311966, 0.007406360469758511, 0.006261711940169334, 0.004518793895840645, 0.0029958332888782024, 0.0021269740536808968, 0.0017293421551585197, 0.0014447839930653572, 0.001241212012246251, 0.001164108281955123, 0.0009963749907910824, 0.0009396324749104679, 0.0008733427966944873, 0.0009009253699332476, 0.0010807523503899574, 0.0010199606185778975, 0.0009173409780487418, 0.000900219427421689, 0.0008462606929242611], "mae": [0.22344665229320526, 0.11440037190914154, 0.0603778101503849, 0.05641573667526245, 0.04731999710202217, 0.03628535941243172, 0.030177205801010132, 0.02735939435660839, 0.02524874359369278, 0.02339337021112442, 0.023320922628045082, 0.021007874980568886, 0.020553112030029297, 0.019616231322288513, 0.020145196467638016, 0.02237597107887268, 0.021809298545122147, 0.02069099433720112, 0.020324574783444405, 0.019579773768782616]}