{
	"validation_error": [
		11206.002076571574, 124.0376207943573, 0.010022353711387804, 0.0007542270119729466
	],
	"anomaly_error": [
		0.006472252309322357, 0.005675889551639557
	],
	"normal": [
		11307.780537129225, 7.275957614183426e-12, 0.010158806468450254, 0.0006341318591774866
	],
	"anomaly": [
		11206.002076571574, 124.0376207943573, 0.010022353711387804, 0.0007542270119729466
	]
}