{"loss": [0.03197955712676048, 0.02226056158542633, 0.02057058922946453, 0.019848830997943878, 0.019513282924890518, 0.019336096942424774, 0.019275080412626266, 0.01914185844361782, 0.01906728930771351, 0.018956748768687248], "mse": [0.031334444880485535, 0.021106412634253502, 0.01982615329325199, 0.019422268494963646, 0.0192257072776556, 0.019115569069981575, 0.019100740551948547, 0.019001619890332222, 0.018945297226309776, 0.018851207569241524], "mae": [0.1432962566614151, 0.11733391880989075, 0.11384416371583939, 0.11262702941894531, 0.11209719628095627, 0.1118064746260643, 0.11176349967718124, 0.11145823448896408, 0.1113002821803093, 0.11102638393640518]}