{
	"loss": [
		0.1383870244026184, 0.12767547369003296, 0.1132177785038948,
		0.09251876175403595, 0.06234576553106308, 0.03147078678011894,
		0.02229323796927929, 0.018396364524960518, 0.016522448509931564,
		0.014339307323098183, 0.013392293825745583, 0.012190401554107666,
		0.011059310287237167, 0.010244691744446754, 0.009584135375916958,
		0.008619862608611584, 0.0078028603456914425, 0.00740830646827817,
		0.006581865716725588, 0.006125861778855324, 0.006468266248703003,
		0.006428645458072424, 0.0053054229356348515, 0.005279903765767813,
		0.00491761090233922
	],
	"mse": [
		0.13837949931621552, 0.12742383778095245, 0.11102303862571716,
		0.09104710072278976, 0.06133712828159332, 0.02952677197754383,
		0.018720269203186035, 0.015326089225709438, 0.014826273545622826,
		0.012248147279024124, 0.01116256508976221, 0.010754027403891087,
		0.009689826518297195, 0.008933368138968945, 0.008452466689050198,
		0.007672622334212065, 0.006829710211604834, 0.00653464300557971,
		0.005738863721489906, 0.005274635273963213, 0.005694939289242029,
		0.005680520553141832, 0.0046518100425601006, 0.004664628766477108,
		0.004359728191047907
	],
	"mae": [
		0.34425511956214905, 0.33264097571372986, 0.31386229395866394,
		0.2819484770298004, 0.2262977957725525, 0.13361044228076935,
		0.08561766147613525, 0.0794496014714241, 0.08095350861549377,
		0.06887968629598618, 0.06668318063020706, 0.06182221323251724,
		0.057298172265291214, 0.05433238670229912, 0.05534634366631508,
		0.05347238853573799, 0.048297978937625885, 0.047300197184085846,
		0.04520021378993988, 0.04219510778784752, 0.043611012399196625,
		0.04368817061185837, 0.039346300065517426, 0.03964140638709068,
		0.0395810529589653
	]
}
