{
	"validation_error": [
		0.004666047170758247, 0.00418798066675663, 0.03951580449938774
	],
	"anomaly_error": [
		0.0044942288659513, 0.003995464649051428, 0.037042077630758286
	],
	"normal": [
		11310.669781558123, 0.020599147099526333, 0.005647968500852585,
		0.0005243391524871574
	],
	"anomaly": [
		11296.933317238465, 7.598869109563099, 0.005597071834550849,
		0.0005369346386512497
	]
}
