{"loss": [0.11484549939632416, 0.08754973858594894, 0.06058552488684654, 0.05091874673962593, 0.04557900130748749, 0.04096123203635216, 0.035625796765089035, 0.0283416248857975, 0.01878191903233528, 0.0108792744576931, 0.00942668691277504, 0.008571255952119827, 0.007918799296021461, 0.007082256022840738, 0.006098056212067604, 0.005214206408709288, 0.004826562479138374, 0.004615247715264559, 0.004446261562407017, 0.004278030712157488], "mse": [0.1127663180232048, 0.08593844622373581, 0.05823608860373497, 0.048466138541698456, 0.043264180421829224, 0.03906398266553879, 0.0336727574467659, 0.026585644111037254, 0.01686282269656658, 0.008445772342383862, 0.007665864657610655, 0.007481174077838659, 0.006781064905226231, 0.005981477443128824, 0.00500501086935401, 0.00423169881105423, 0.0037491805851459503, 0.0035523311235010624, 0.0034483536146581173, 0.003397297812625766], "mae": [0.316867858171463, 0.2814784049987793, 0.21724151074886322, 0.18792995810508728, 0.17108790576457977, 0.1614895612001419, 0.14582131803035736, 0.12754182517528534, 0.09846829622983932, 0.06288910657167435, 0.05978064984083176, 0.06254035234451294, 0.05679996311664581, 0.05219397693872452, 0.04618702828884125, 0.04225139692425728, 0.03787672892212868, 0.036505382508039474, 0.03550774231553078, 0.03583580628037453]}