{"loss": [0.09267663955688477, 0.060867272317409515, 0.04193749651312828, 0.02475622296333313, 0.015831762924790382, 0.012477844022214413, 0.011461569927632809, 0.010129445232450962, 0.008793863467872143, 0.00767785869538784, 0.006739751901477575, 0.006292667705565691, 0.005809203255921602, 0.005385576281696558, 0.005222636740654707, 0.005176925100386143, 0.004836938343942165, 0.004522100556641817, 0.004378406330943108, 0.004353415220975876, 0.004358008503913879, 0.004216748755425215, 0.004348256159573793, 0.004391697701066732, 0.0039885458536446095], "mse": [0.09260930866003036, 0.058237891644239426, 0.04063589125871658, 0.023420359939336777, 0.01426579337567091, 0.010799519717693329, 0.009862623177468777, 0.008897699415683746, 0.007821006700396538, 0.006888347212225199, 0.006052539683878422, 0.00576263340190053, 0.005369465332478285, 0.0050401948392391205, 0.004903263878077269, 0.004904701840132475, 0.004578110761940479, 0.004291705787181854, 0.004150520544499159, 0.004119603428989649, 0.004131759516894817, 0.004000912886112928, 0.004122085403650999, 0.004195998422801495, 0.003779239486902952], "mae": [0.2695893943309784, 0.21377266943454742, 0.1793176829814911, 0.12664061784744263, 0.08414597064256668, 0.07285980880260468, 0.0716017484664917, 0.0662931576371193, 0.060222361236810684, 0.05644058808684349, 0.05318770930171013, 0.05215761065483093, 0.050444938242435455, 0.04816346615552902, 0.04747036099433899, 0.0476175881922245, 0.045814432203769684, 0.043977994471788406, 0.043347008526325226, 0.04328986257314682, 0.04347885027527809, 0.04260836914181709, 0.04381305351853371, 0.04440200328826904, 0.041833266615867615]}