{
	"validation_error": [
		0.004337290767580271, 0.004113074857741594, 0.04388722404837608
	],
	"anomaly_error": [
		0.003380879294127226, 0.0031956781167536974, 0.03953463211655617
	],
	"normal": [
		11310.050786856105, 6.494759967347498e-8, 0.004902629913496119,
		0.0009622213338925834
	],
	"anomaly": [
		11239.857216691213, 37.786786210449954, 0.0041334907554330365,
		0.0006970049188389795
	]
}
