{
	"loss": [
		0.10975702852010727, 0.06149713322520256, 0.024227622896432877,
		0.014665674418210983, 0.011011872440576553, 0.009179940447211266,
		0.008044660091400146, 0.007228843402117491, 0.006628529168665409,
		0.006119836587458849, 0.005649047438055277, 0.005254881456494331,
		0.004995196592062712, 0.004683064762502909, 0.004384380299597979,
		0.0042023006826639175, 0.0040073636919260025, 0.004006919451057911,
		0.003826497821137309, 0.0036525640171021223, 0.003608088940382004,
		0.003574945032596588, 0.0036539011634886265, 0.0034463254269212484,
		0.0033990603405982256
	],
	"mse": [
		0.10963773727416992, 0.057442888617515564, 0.01246891263872385,
		0.010140037164092064, 0.007537021301686764, 0.006574252620339394,
		0.0059204245917499065, 0.005373167805373669, 0.005037000402808189,
		0.004727942869067192, 0.004396367818117142, 0.0041405390948057175,
		0.003992138896137476, 0.0037919776514172554, 0.0035898403730243444,
		0.0034961551427841187, 0.0033572008833289146, 0.0034177410416305065,
		0.003286845749244094, 0.003159517189487815, 0.003140013897791505,
		0.00313407345674932, 0.0032473078463226557, 0.003067858051508665,
		0.0030305692926049232
	],
	"mae": [
		0.3112654685974121, 0.20582062005996704, 0.08028876036405563,
		0.07540106773376465, 0.06281157582998276, 0.05713506042957306,
		0.05392766743898392, 0.050867609679698944, 0.04919559508562088,
		0.04744578152894974, 0.045385267585515976, 0.043872419744729996,
		0.04287880286574364, 0.041834812611341476, 0.040696606040000916,
		0.040200188755989075, 0.03925812989473343, 0.039703305810689926,
		0.03872542083263397, 0.03795265778899193, 0.03770644962787628,
		0.03754952922463417, 0.03832385689020157, 0.03721076250076294,
		0.03699459135532379
	]
}
