{
	"validation_error": [
		0.0034056210424751043, 0.0030213631689548492, 0.036283381283283234
	],
	"anomaly_error": [
		0.0032713657710701227, 0.0029247815255075693, 0.03527729958295822
	],
	"normal": [
		11309.67609339214, 1.8189894035458565e-12, 0.0062590474713473555,
		0.0004128663632380296
	],
	"anomaly": [
		11175.89017029763, 41.320209537815735, 0.006390675331556028,
		0.0005204189537957908
	]
}
