{
	"validation_error": [
		11297.58943866106, 18.778527418197093
	],
	"anomaly_error": [
		0.019133758881399707, 0.0008685010705310397
	],
	"normal": [
		11307.931827778506, 0.1686838589252584, 0.019424812868237495, 0.0012678610888700464
	],
	"anomaly": [
		11297.58943866106, 18.778527418197093, 0.019133758881399707, 0.0008685010705310397
	]
}