{"loss": [0.027886854484677315, 0.027186179533600807, 0.025662707164883614, 0.021343527361750603, 0.014999931678175926, 0.012154705822467804, 0.010940926149487495, 0.010401814244687557, 0.009856677614152431, 0.009314487688243389, 0.009111246094107628, 0.009165448136627674, 0.008713146671652794, 0.008349650539457798, 0.008230975829064846, 0.00782832596451044, 0.007804397959262133, 0.007674206979572773, 0.007449062541127205, 0.00700023490935564, 0.006917527876794338, 0.006590625271201134, 0.007127357646822929, 0.006908532697707415, 0.006492624990642071], "mse": [0.027688272297382355, 0.027104532346129417, 0.02557535283267498, 0.02101122960448265, 0.013778266496956348, 0.011134685017168522, 0.010145660489797592, 0.009818010032176971, 0.009367652237415314, 0.00887652114033699, 0.008694586344063282, 0.008784772828221321, 0.008357488550245762, 0.007998849265277386, 0.00791175290942192, 0.007513758260756731, 0.007488986477255821, 0.007365791592746973, 0.007135380990803242, 0.006686465349048376, 0.006608994212001562, 0.006281918380409479, 0.006806155201047659, 0.006620296277105808, 0.006202312186360359], "mae": [0.1412888616323471, 0.1411474049091339, 0.1368396282196045, 0.12199019640684128, 0.09510933607816696, 0.08506493270397186, 0.08024538308382034, 0.07920330762863159, 0.07702475786209106, 0.07482639700174332, 0.07410837709903717, 0.07470765709877014, 0.07263541966676712, 0.07078428566455841, 0.07058113813400269, 0.06859597563743591, 0.06844615936279297, 0.06816354393959045, 0.06693204492330551, 0.06448699533939362, 0.06412425637245178, 0.06245530769228935, 0.06529393047094345, 0.06476742774248123, 0.06247648969292641]}