{
	"validation_error": [
		0.005979849491268396, 0.00578674953430891, 0.060644179582595825
	],
	"anomaly_error": [
		0.006601871456950903, 0.006353379692882299, 0.062438663095235825
	],
	"normal": [
		11310.097306857217, 1.8189894035458565e-12, 0.006482236692681909,
		0.0011837889654025126
	],
	"anomaly": [
		10491.428401034551, 294.0119865461983, 0.007660430810985065,
		0.0016672957294073165
	]
}
