{
	"validation_error": [
		0.00919285323470831, 0.008948151022195816
	],
	"anomaly_error": [
		0.00958232581615448, 0.009325931780040264
	],
	"normal": [
		11307.703749986018, 0.0, 0.012347391836585538, 0.00192935110991907
	],
	"anomaly": [
		11179.636160660673, 116.10223181074737, 0.01204824123171068, 0.0015161706121881934
	]
}