{
	"validation_error": [
		0.006683865562081337, 0.006234371103346348
	],
	"anomaly_error": [
		0.0056042540818452835, 0.005194646771997213
	],
	"normal": [
		11308.766280622218, 0.5509089186644415, 0.002456758749641238, 0.00046695307311650215
	],
	"anomaly": [
		11298.342901052602, 5.58481079851296, 0.0045899722364641, 0.0016967596213616912
	]
}