{"loss": [0.014832387678325176, 0.007102707400918007, 0.005706376861780882, 0.005109755322337151, 0.004877753090113401, 0.004664271604269743, 0.004615318961441517, 0.004532620310783386, 0.0045152707025408745, 0.0043701063841581345, 0.004353920929133892, 0.004085273947566748, 0.003914427477866411, 0.003965748008340597, 0.004036902450025082, 0.003840726101770997, 0.0034560197964310646, 0.0032430076971650124, 0.003005031729117036, 0.00268224417231977], "mse": [0.014400036074221134, 0.005855430383235216, 0.005081699229776859, 0.004739630967378616, 0.004557677078992128, 0.004425507504492998, 0.004419189877808094, 0.004386016167700291, 0.0043912893161177635, 0.004259141162037849, 0.004247438628226519, 0.003996223211288452, 0.0038286445196717978, 0.003867246676236391, 0.003940822556614876, 0.003757307305932045, 0.0033806762658059597, 0.003159883199259639, 0.0029127406887710094, 0.002590409480035305], "mae": [0.09794812649488449, 0.06069225072860718, 0.055787116289138794, 0.05381781980395317, 0.05254868417978287, 0.0518190972507, 0.05168645828962326, 0.05144027993083, 0.05143206939101219, 0.050554003566503525, 0.050596579909324646, 0.04881643131375313, 0.04774179682135582, 0.04807877540588379, 0.048469796776771545, 0.04689009487628937, 0.044288139790296555, 0.04261763021349907, 0.04088487848639488, 0.038232795894145966]}