{
	"loss": [
		0.06198420003056526, 0.03694312274456024, 0.024685947224497795,
		0.02247539907693863, 0.020346064120531082, 0.016801975667476654,
		0.00875779241323471, 0.004343922715634108, 0.003643613075837493,
		0.0032147723250091076, 0.0028203465044498444, 0.0026474855840206146,
		0.0021671203430742025, 0.0018722062231972814, 0.0015969853848218918,
		0.0016609788872301579, 0.0014748349785804749, 0.0012489502551034093,
		0.0012471944792196155, 0.0014729886315762997, 0.0011239933082833886,
		0.001126918476074934, 0.0011166305048391223, 0.00096507539274171,
		0.0010179176460951567
	],
	"mse": [
		0.05903727933764458, 0.035267699509859085, 0.023550981655716896,
		0.021549401804804802, 0.019687646999955177, 0.016190700232982635,
		0.007779290899634361, 0.003107290482148528, 0.0027576573193073273,
		0.0024479792919009924, 0.0021549882367253304, 0.0020240782760083675,
		0.0015599395846948028, 0.0012884956086054444, 0.0010680895065888762,
		0.001177364494651556, 0.001042855903506279, 0.0008696395670995116,
		0.0009142523631453514, 0.0011872474569827318, 0.0008699142490513623,
		0.0009018759010359645, 0.0009060288430191576, 0.0007704870658926666,
		0.000834301405120641
	],
	"mae": [
		0.20055235922336578, 0.13284079730510712, 0.09584181755781174,
		0.0878782793879509, 0.07947343587875366, 0.07257278263568878,
		0.0550239160656929, 0.0375736728310585, 0.03533288836479187,
		0.034115020185709, 0.03154344856739044, 0.03206385299563408,
		0.028008216992020607, 0.025491992011666298, 0.02269366942346096,
		0.02529606781899929, 0.023670202121138573, 0.020811617374420166,
		0.02202528715133667, 0.026156926527619362, 0.02151787281036377,
		0.02200838178396225, 0.022085512056946754, 0.019973663613200188,
		0.021155430004000664
	]
}
