{"loss": [0.05041980743408203, 0.04530249163508415, 0.039426159113645554, 0.03089977614581585, 0.024127673357725143, 0.016308458521962166, 0.013594388961791992, 0.012363665737211704, 0.011309741996228695, 0.010536245070397854, 0.009955676272511482, 0.011283508501946926, 0.009769153781235218, 0.0097076166421175, 0.008853821083903313, 0.008603197522461414, 0.008317722007632256, 0.008366325870156288, 0.008098673075437546, 0.007765110582113266, 0.007656251545995474, 0.00751205300912261, 0.007602565456181765, 0.007296535186469555, 0.007346964906901121], "mse": [0.049734823405742645, 0.0448530875146389, 0.038968104869127274, 0.030330132693052292, 0.023370947688817978, 0.01500905491411686, 0.012363030575215816, 0.011292427778244019, 0.010481883771717548, 0.009807444177567959, 0.009284920059144497, 0.010722906328737736, 0.00922339130192995, 0.009202980436384678, 0.008356650359928608, 0.008107469417154789, 0.007810101378709078, 0.007869180291891098, 0.00763129023835063, 0.007319303695112467, 0.00721394270658493, 0.007090005092322826, 0.00720377778634429, 0.006911765318363905, 0.006968663539737463], "mae": [0.1843259483575821, 0.17025189101696014, 0.14918363094329834, 0.12423498928546906, 0.10968034714460373, 0.09038074314594269, 0.08248736709356308, 0.07732333242893219, 0.07411180436611176, 0.07087894529104233, 0.06836982816457748, 0.07532127946615219, 0.06780374050140381, 0.06782601028680801, 0.06356136500835419, 0.062138862907886505, 0.06047462299466133, 0.06073562428355217, 0.05942654609680176, 0.0576908178627491, 0.05708286538720131, 0.05637239292263985, 0.057090748101472855, 0.05537033453583717, 0.055737245827913284]}