{
	"validation_error": [
		0.0021669664420187473, 0.0015787611482664943
	],
	"anomaly_error": [
		0.002364288317039609, 0.0018155574798583984
	],
	"normal": [
		11307.558670427881, 0.004220972095293839, 0.00274247745232236, 0.00021871997293221237
	],
	"anomaly": [
		11285.011742607829, 34.84753679133855, 0.003585001949461237, 0.0018489119651045878
	]
}