{
	"loss": [
		0.06923603266477585, 0.04705910012125969, 0.03651397302746773,
		0.02817569114267826, 0.02444288693368435, 0.02297062985599041,
		0.021925147622823715, 0.021151786670088768, 0.02029283344745636,
		0.019224131479859352, 0.01762361265718937, 0.014506342820823193,
		0.0092591168358922, 0.0059397295117378235, 0.004712991416454315,
		0.004307040013372898, 0.004245451185852289, 0.003934490028768778,
		0.003664270043373108, 0.003528672968968749
	],
	"mse": [
		0.0666220635175705, 0.04398021474480629, 0.03436174616217613,
		0.026622317731380463, 0.02301817573606968, 0.02204287052154541,
		0.021213464438915253, 0.020534973591566086, 0.019787074998021126,
		0.0187729112803936, 0.017215795814990997, 0.013991561718285084,
		0.008198730647563934, 0.004637716803699732, 0.0033844164572656155,
		0.0031433156691491604, 0.003343285759910941, 0.00307027087546885,
		0.002854378893971443, 0.0028016625437885523
	]
}
