{
	"validation_error": [
		0.0010432571871206164, 0.0008688397938385606, 0.022179530933499336
	],
	"anomaly_error": [
		0.001057616202160716, 0.0008803133969195187, 0.022572007030248642
	],
	"normal": [
		11310.040128810566, 0.04208172892496719, 0.0020134229033084757,
		0.00041079280966154733
	],
	"anomaly": [
		11301.633215198097, 10.514190873669689, 0.0019005503873490998,
		0.00025447081748752003
	]
}
